date,place,confirmed_predicted,increase_case
2020-08-31,Playa Del Rey,1331.965839385986,26.171024322509766
2020-09-01,Playa Del Rey,1360.4585380554197,28.492698669433594
2020-09-02,Playa Del Rey,1389.6374778747556,29.178939819335938
2020-09-03,Playa Del Rey,1419.7184677124021,30.080989837646484
2020-09-04,Playa Del Rey,1450.9410285949705,31.22256088256836
2020-09-05,Playa Del Rey,1483.5877304077146,32.64670181274414
2020-09-06,Playa Del Rey,1517.9696540832517,34.38192367553711
2020-08-31,Avalon,317.3855133056641,5.092884063720703
2020-09-01,Avalon,322.8414955139161,5.455982208251953
2020-09-02,Avalon,328.4378280639649,5.596332550048828
2020-09-03,Avalon,334.2041740417481,5.766345977783203
2020-09-04,Avalon,340.16597366333013,5.961799621582031
2020-09-05,Avalon,346.3609237670899,6.194950103759766
2020-09-06,Avalon,352.83066940307623,6.469745635986328
2020-08-31,West Hills,31164.740718483925,471.57822728157043
2020-09-01,West Hills,31635.58232653141,470.84160804748535
2020-09-02,West Hills,32110.242190241814,474.65986371040344
2020-09-03,West Hills,32589.15281999111,478.9106297492981
2020-09-04,West Hills,33072.591292738914,483.43847274780273
2020-09-05,West Hills,33560.99349784851,488.40220510959625
2020-09-06,West Hills,34054.84938848019,493.8558906316757
2020-08-31,Pacoima,179549.11354756358,2343.2335859537125
2020-09-01,Pacoima,182205.03412818912,2655.920580625534
2020-09-02,Pacoima,184907.8627291918,2702.828601002693
2020-09-03,Pacoima,187683.111427784,2775.248698592186
2020-09-04,Pacoima,190546.4692566395,2863.3578288555145
2020-09-05,Pacoima,193516.17049074176,2969.701234102249
2020-09-06,Pacoima,196626.49636244777,3110.325871706009
2020-08-31,Duarte,29328.787192106247,508.0846767425537
2020-09-01,Duarte,29889.860796809196,561.0736047029495
2020-09-02,Duarte,30475.650937080383,585.7901402711868
2020-09-03,Duarte,31091.096479177475,615.4455420970917
2020-09-04,Duarte,31740.882526159286,649.7860469818115
2020-09-05,Duarte,32432.104931473732,691.2224053144455
2020-09-06,Duarte,33172.3068062067,740.2018747329712
2020-08-31,Inglewood,159298.06207966805,2677.4267947673798
2020-09-01,Inglewood,162109.66406536102,2811.601985692978
2020-09-02,Inglewood,164987.89014470577,2878.2260793447495
2020-09-03,Inglewood,167940.48251461983,2952.592369914055
2020-09-04,Inglewood,170982.77106833458,3042.288553714752
2020-09-05,Inglewood,174133.58771276474,3150.8166444301605
2020-09-06,Inglewood,177411.48968708515,3277.9019743204117
2020-08-31,San Dimas,25529.516455650326,492.0613795518875
2020-09-01,San Dimas,26055.45110428333,525.9346486330032
2020-09-02,San Dimas,26598.232761263844,542.7816569805145
2020-09-03,San Dimas,27161.28080165386,563.0480403900146
2020-09-04,San Dimas,27748.009168624874,586.7283669710159
2020-09-05,San Dimas,28364.012709379193,616.0035407543182
2020-09-06,San Dimas,29012.6673438549,648.654634475708
2020-08-31,Torrance,87733.38008630276,1045.0468740463257
2020-09-01,Torrance,88841.67836606503,1108.298279762268
2020-09-02,Torrance,89947.13072109222,1105.4523550271988
2020-09-03,Torrance,91047.94023644924,1100.8095153570175
2020-09-04,Torrance,92150.6437972784,1102.7035608291626
2020-09-05,Torrance,93263.75003862381,1113.1062413454056
2020-09-06,Torrance,94396.27267432213,1132.5226356983185
2020-08-31,Encino,32799.91831111908,501.04944705963135
2020-09-01,Encino,33332.10924911499,532.1909379959106
2020-09-02,Encino,33875.95681858063,543.8475694656372
2020-09-03,Encino,34432.632396698,556.6755781173706
2020-09-04,Encino,35004.09304046631,571.4606437683105
2020-09-05,Encino,35594.20286607742,590.1098256111145
2020-09-06,Encino,36202.69045686722,608.4875907897949
2020-08-31,La Canada Flintridge,11193.597205519676,163.18711030483246
2020-09-01,La Canada Flintridge,11379.631323933601,186.03411841392517
2020-09-02,La Canada Flintridge,11573.849978208542,194.2186542749405
2020-09-03,La Canada Flintridge,11777.68149113655,203.83151292800903
2020-09-04,La Canada Flintridge,11993.190774202347,215.5092830657959
2020-09-05,La Canada Flintridge,12222.850303411484,229.65952920913696
2020-09-06,La Canada Flintridge,12469.648474812508,246.79817140102386
2020-08-31,Beverly Hills,42032.57436943054,628.3636722564697
2020-09-01,Beverly Hills,42663.158601760864,630.5842323303223
2020-09-02,Beverly Hills,43302.661626815796,639.5030250549316
2020-09-03,Beverly Hills,43952.070360183716,649.4087333679199
2020-09-04,Beverly Hills,44612.275767326355,660.2054071426392
2020-09-05,Beverly Hills,45284.104846954346,671.8290796279907
2020-09-06,Beverly Hills,45968.40287399292,684.2980270385742
2020-08-31,Lawndale,35326.844997167595,708.3055484294891
2020-09-01,Lawndale,36052.65933132172,725.814334154129
2020-09-02,Lawndale,36805.22299146653,752.5636601448059
2020-09-03,Lawndale,37587.29953861237,782.0765471458435
2020-09-04,Lawndale,38401.151427984245,813.851889371872
2020-09-05,Lawndale,39250.06202435494,848.910596370697
2020-09-06,Lawndale,40136.14045953751,886.0784351825714
2020-08-31,El Segundo,8437.869615077972,137.78691232204437
2020-09-01,El Segundo,8571.850028276443,133.98041319847107
2020-09-02,El Segundo,8708.2173371315,136.36730885505676
2020-09-03,El Segundo,8846.740844726562,138.52350759506226
2020-09-04,El Segundo,8987.286129236221,140.5452845096588
2020-09-05,El Segundo,9129.706053256989,142.4199240207672
2020-09-06,El Segundo,9273.793534517288,144.08748126029968
2020-08-31,Commerce,28313.389530539513,497.2582335472107
2020-09-01,Commerce,28839.497992157936,526.1084616184235
2020-09-02,Commerce,29375.202963471413,535.7049713134766
2020-09-03,Commerce,29922.531790614128,547.3288271427155
2020-09-04,Commerce,30483.96706211567,561.4352715015411
2020-09-05,Commerce,31062.90792119503,578.940859079361
2020-09-06,Commerce,31663.181438922882,600.2735177278519
2020-08-31,Pacific Palisades,10061.374469399452,117.51671814918518
2020-09-01,Pacific Palisades,10186.762901067734,125.38843166828156
2020-09-02,Pacific Palisades,10315.255433797836,128.49253273010254
2020-09-03,Pacific Palisades,10447.449139356613,132.19370555877686
2020-09-04,Pacific Palisades,10584.08223593235,136.633096575737
2020-09-05,Pacific Palisades,10725.979197859764,141.89696192741394
2020-09-06,Pacific Palisades,10873.974581360817,147.99538350105286
2020-08-31,Tujunga,25540.131870865825,436.06270003318787
2020-09-01,Tujunga,25990.791778445247,450.659907579422
2020-09-02,Tujunga,26454.261368155483,463.4695897102356
2020-09-03,Tujunga,26930.922895431522,476.6615272760391
2020-09-04,Tujunga,27423.710651993755,492.78775656223297
2020-09-05,Tujunga,27934.31866192818,510.60800993442535
2020-09-06,Tujunga,28464.938706398014,530.6200444698334
2020-08-31,Alhambra,66469.3059142828,1180.4520825147556
2020-09-01,Alhambra,67752.95578968525,1283.6498754024506
2020-09-02,Alhambra,69076.77824914455,1323.8224594593048
2020-09-03,Alhambra,70451.33825337887,1374.560004234314
2020-09-04,Alhambra,71886.12139296532,1434.7831395864487
2020-09-05,Alhambra,73394.14444291592,1508.0230499505997
2020-09-06,Alhambra,74988.77443742754,1594.6299945116189
2020-08-31,Lakewood,65495.86216187478,1049.7901034355164
2020-09-01,Lakewood,66652.2434720993,1156.3813102245258
2020-09-02,Lakewood,67834.32182884216,1182.078356742859
2020-09-03,Lakewood,69047.69869065285,1213.3768618106842
2020-09-04,Lakewood,70301.75010299683,1254.0514123439789
2020-09-05,Lakewood,71607.15295767784,1305.402854681015
2020-09-06,Lakewood,72976.38969278336,1369.2367351055145
2020-08-31,Chatsworth,41551.63648080825,664.1545715332031
2020-09-01,Chatsworth,42205.10855102538,653.4720702171326
2020-09-02,Chatsworth,42863.14794015884,658.0393891334534
2020-09-03,Chatsworth,43529.70730829238,666.5593681335449
2020-09-04,Chatsworth,44205.52245140075,675.8151431083679
2020-09-05,Chatsworth,44888.75836610793,683.2359147071838
2020-09-06,Chatsworth,45576.03667211532,687.2783060073853
2020-08-31,Granada Hills,70958.46348714828,1190.0351631641388
2020-09-01,Granada Hills,72325.05263614655,1366.5891489982605
2020-09-02,Granada Hills,73764.53621578217,1439.4835796356201
2020-09-03,Granada Hills,75293.92961740494,1529.3934016227722
2020-09-04,Granada Hills,76932.00844526291,1638.0788278579712
2020-09-05,Granada Hills,78702.79806137085,1770.7896161079407
2020-09-06,Granada Hills,80635.51182365417,1932.7137622833252
2020-08-31,Industry,2043.382867336273,29.716979265213013
2020-09-01,Industry,2074.3412957191467,30.958428382873763
2020-09-02,Industry,2105.718370437622,31.377074718475342
2020-09-03,Industry,2137.609501838684,31.89113140106201
2020-09-04,Industry,2170.118571281433,32.50906944274902
2020-09-05,Industry,2203.382229566574,33.26365828514099
2020-09-06,Industry,2237.5498340129852,34.16760444641113
2020-08-31,Bell,88801.38024091722,1412.6546205282211
2020-09-01,Bell,90314.84862160684,1513.468380689621
2020-09-02,Bell,91864.09553122522,1549.2469096183777
2020-09-03,Bell,93452.46376717092,1588.3682359457016
2020-09-04,Bell,95087.80456829073,1635.3408011198044
2020-09-05,Bell,96778.24854266645,1690.4439743757248
2020-09-06,Bell,98539.41146719457,1761.162924528122
2020-08-31,Culver City,28100.793625354767,293.02338552474976
2020-09-01,Culver City,28447.828807353973,347.03518199920654
2020-09-02,Culver City,28797.720336914062,349.8915295600891
2020-09-03,Culver City,29153.83901977539,356.1186828613281
2020-09-04,Culver City,29520.161649227142,366.3226294517517
2020-09-05,Culver City,29902.12001991272,381.9583706855774
2020-09-06,Culver City,30305.344766139984,403.2247462272644
2020-08-31,Burbank,87712.37658905983,1636.8265706300735
2020-09-01,Burbank,89453.20274150372,1740.8261524438858
2020-09-02,Burbank,91280.77049231529,1827.5677508115768
2020-09-03,Burbank,93209.18546700478,1928.4149746894836
2020-09-04,Burbank,95253.43783330917,2044.2523663043976
2020-09-05,Burbank,97429.34584105015,2175.9080077409744
2020-09-06,Burbank,99752.4266192913,2323.0807782411575
2020-08-31,Artesia,16357.376924037933,345.06187427043915
2020-09-01,Artesia,16697.98255443573,340.60563039779663
2020-09-02,Artesia,17047.53319990635,349.5506454706192
2020-09-03,Artesia,17406.634895920753,359.1016960144043
2020-09-04,Artesia,17775.92791724205,369.2930213212967
2020-09-05,Artesia,18155.552644968033,379.62472772598267
2020-09-06,Artesia,18545.176957964897,389.6243129968643
2020-08-31,Sunland,29950.195313453678,413.1301164627075
2020-09-01,Sunland,30359.611267805103,409.41595435142517
2020-09-02,Sunland,30772.623474359516,413.01220655441284
2020-09-03,Sunland,31189.084545731548,416.46107137203217
2020-09-04,Sunland,31608.896223664287,419.81167793273926
2020-09-05,Sunland,32032.232097744945,423.33587408065796
2020-09-06,Sunland,32458.129237055782,425.8971393108368
2020-08-31,Rolling Hills Estates,3142.2057745456696,40.57054257392883
2020-09-01,Rolling Hills Estates,3183.39156293869,41.18578839302063
2020-09-02,Rolling Hills Estates,3225.323544740677,41.931981801986694
2020-09-03,Rolling Hills Estates,3268.0446763038635,42.721131563186646
2020-09-04,Rolling Hills Estates,3311.5885605812073,43.54388427734375
2020-09-05,Rolling Hills Estates,3356.009239435196,44.42067885398865
2020-09-06,Rolling Hills Estates,3401.3856971263885,45.37645769119263
2020-08-31,Altadena,37135.9277818203,657.129425406456
2020-09-01,Altadena,37832.671066880226,696.7432850599289
2020-09-02,Altadena,38552.18713200092,719.516065120697
2020-09-03,Altadena,39296.819118618965,744.631986618042
2020-09-04,Altadena,40069.469009399414,772.6498907804489
2020-09-05,Altadena,40873.920957803726,804.4519484043121
2020-09-06,Altadena,41716.12263119221,842.2016733884811
2020-08-31,Playa Vista,7689.162925481796,110.91371941566467
2020-09-01,Playa Vista,7826.782564163208,137.61963868141174
2020-09-02,Playa Vista,7968.793643474579,142.01107931137085
2020-09-03,Playa Vista,8117.3660616874695,148.57241821289062
2020-09-04,Playa Vista,8274.774698495865,157.40863680839539
2020-09-05,Playa Vista,8444.450075864792,169.675377368927
2020-09-06,Playa Vista,8630.16475200653,185.7146761417389
2020-08-31,Pico Rivera,131826.26501715183,1494.424027204528
2020-09-01,Pico Rivera,133550.94423389435,1724.6792167425156
2020-09-02,Pico Rivera,135257.2915444374,1706.3473105430603
2020-09-03,Pico Rivera,136952.5312731266,1695.2397286891937
2020-09-04,Pico Rivera,138652.44556462765,1699.9142915010452
2020-09-05,Pico Rivera,140379.7478119135,1727.302247285843
2020-09-06,Pico Rivera,142165.79715108871,1786.0493391752243
2020-08-31,Huntington Park,154866.95148837566,2493.112332344055
2020-09-01,Huntington Park,157491.61945414543,2624.6679657697678
2020-09-02,Huntington Park,160154.87193894386,2663.2524847984314
2020-09-03,Huntington Park,162866.88655126095,2712.0146123170853
2020-09-04,Huntington Park,165640.40204119682,2773.515489935875
2020-09-05,Huntington Park,168491.05309021473,2850.651049017906
2020-09-06,Huntington Park,171437.45400857925,2946.400918364525
2020-08-31,Lomita,13622.063760757448,189.34865808486938
2020-09-01,Lomita,13833.72060441971,211.65684366226196
2020-09-02,Lomita,14049.12242126465,215.40181684494019
2020-09-03,Lomita,14268.019247055056,218.89682579040527
2020-09-04,Lomita,14492.71165084839,224.69240379333496
2020-09-05,Lomita,14725.175397872927,232.46374702453613
2020-09-06,Lomita,14968.429517269136,243.25411939620972
2020-08-31,Rancho Palos Verdes,20080.86886978149,284.43387365341187
2020-09-01,Rancho Palos Verdes,20382.944702148434,302.07583236694336
2020-09-02,Rancho Palos Verdes,20692.850627899166,309.9059257507324
2020-09-03,Rancho Palos Verdes,21012.142966270443,319.29233837127686
2020-09-04,Rancho Palos Verdes,21342.241362571713,330.09839630126953
2020-09-05,Rancho Palos Verdes,21684.82117462158,342.5798120498657
2020-09-06,Rancho Palos Verdes,22041.725296020504,356.9041213989258
2020-08-31,Claremont,18139.928590893745,344.03487277030945
2020-09-01,Claremont,18498.305800318718,358.37720942497253
2020-09-02,Claremont,18864.85467171669,366.5488713979721
2020-09-03,Claremont,19240.843653678894,375.988981962204
2020-09-04,Claremont,19627.82649934292,386.98284566402435
2020-09-05,Claremont,20027.723231196404,399.8967318534851
2020-09-06,Claremont,20441.75795996189,414.03472876548767
2020-08-31,Sun Valley,80277.35412216185,1421.7200088500977
2020-09-01,Sun Valley,81845.06589508055,1567.7117729187012
2020-09-02,Sun Valley,83472.6863632202,1627.6204681396484
2020-09-03,Sun Valley,85170.52611923216,1697.839756011963
2020-09-04,Sun Valley,86949.64829063414,1779.1221714019775
2020-09-05,Sun Valley,88830.21562194823,1880.567331314087
2020-09-06,Sun Valley,90829.64886283873,1999.433240890503
2020-08-31,Lynwood,180078.5054564476,2806.2729914188385
2020-09-01,Lynwood,183028.45956254005,2949.954106092453
2020-09-02,Lynwood,186024.69312524796,2996.233562707901
2020-09-03,Lynwood,189076.65730786324,3051.96418261528
2020-09-04,Lynwood,192198.0211482048,3121.363840341568
2020-09-05,Lynwood,195405.40229082108,3207.381142616272
2020-09-06,Lynwood,198720.4173426628,3315.015051841736
2020-08-31,San Fernando,48207.486889362335,816.1849501132965
2020-09-01,San Fernando,49047.099860191345,839.61297082901
2020-09-02,San Fernando,49901.61072909832,854.5108689069748
2020-09-03,San Fernando,50774.54044032097,872.9297112226486
2020-09-04,San Fernando,51668.36765563488,893.8272153139114
2020-09-05,San Fernando,52585.91327881813,917.5456231832504
2020-09-06,San Fernando,53530.190076589584,944.2767977714539
2020-08-31,Bellflower,126999.29437732697,2380.254077911377
2020-09-01,Bellflower,129439.74559402466,2440.451216697693
2020-09-02,Bellflower,131943.74649620056,2504.0009021759033
2020-09-03,Bellflower,134516.46108722687,2572.714591026306
2020-09-04,Bellflower,137167.01424217224,2650.5531549453735
2020-09-05,Bellflower,139902.73289775848,2735.7186555862427
2020-09-06,Bellflower,142731.60638904572,2828.8734912872314
2020-08-31,Canoga Park,111427.24200320244,1733.1825678348541
2020-09-01,Canoga Park,113158.2645637989,1731.022560596466
2020-09-02,Canoga Park,114917.0896756649,1758.8251118659973
2020-09-03,Canoga Park,116704.15175366402,1787.062077999115
2020-09-04,Canoga Park,118522.32276272774,1818.1710090637207
2020-09-05,Canoga Park,120371.25275754929,1848.9299948215485
2020-09-06,Canoga Park,122254.44119119644,1883.1884336471558
2020-08-31,Downey,224387.44155859947,3902.072111606598
2020-09-01,Downey,228303.68607759476,3916.244518995285
2020-09-02,Downey,232282.0970208645,3978.4109432697296
2020-09-03,Downey,236322.91459870338,4040.8175778388977
2020-09-04,Downey,240441.07989144325,4118.165292739868
2020-09-05,Downey,244631.21218848228,4190.132297039032
2020-09-06,Downey,248903.88074278831,4272.66855430603
2020-08-31,Hermosa Beach,11640.083954930305,208.92250776290894
2020-09-01,Hermosa Beach,11878.798194646837,238.71423971653167
2020-09-02,Hermosa Beach,12128.254832506182,249.45663785934448
2020-09-03,Hermosa Beach,12391.269715070726,263.0148825645447
2020-09-04,Hermosa Beach,12670.954961657526,279.6852465867996
2020-09-05,Hermosa Beach,12971.167139649393,300.21217799186707
2020-09-06,Hermosa Beach,13296.690551877024,325.5234122276306
2020-08-31,Calabasas,16851.62037467956,240.968496799469
2020-09-01,Calabasas,17110.487962245938,258.86758756637573
2020-09-02,Calabasas,17375.972038745876,265.48407649993896
2020-09-03,Calabasas,17649.63660240173,273.66456365585327
2020-09-04,Calabasas,17933.095566272732,283.4589638710022
2020-09-05,Calabasas,18227.82234239578,294.7267761230469
2020-09-06,Calabasas,18535.8042807579,307.9819383621216
2020-08-31,South Pasadena,21264.45908820629,260.1022198200226
2020-09-01,South Pasadena,21537.024077415466,272.5649892091751
2020-09-02,South Pasadena,21815.696602106094,278.67252469062805
2020-09-03,South Pasadena,22101.43442952633,285.7378274202347
2020-09-04,South Pasadena,22395.398203730583,293.96377420425415
2020-09-05,South Pasadena,22698.755645871162,303.3574421405792
2020-09-06,South Pasadena,23012.56596159935,313.81031572818756
2020-08-31,El Monte,226181.34486413002,4854.910511493683
2020-09-01,El Monte,231052.46570396423,4871.120839834213
2020-09-02,El Monte,236083.65466189384,5031.188957929611
2020-09-03,El Monte,241281.37220454216,5197.717542648315
2020-09-04,El Monte,246667.12955594063,5385.757351398468
2020-09-05,El Monte,252254.4392671585,5587.30971121788
2020-09-06,El Monte,258051.7259759903,5797.286708831787
2020-08-31,South Gate,236794.59639573097,3826.450954914093
2020-09-01,South Gate,241053.08753466606,4258.491138935089
2020-09-02,South Gate,245400.77423202991,4347.686697363853
2020-09-03,South Gate,249871.79464399815,4471.020411968231
2020-09-04,South Gate,254504.1370947361,4632.342450737953
2020-09-05,South Gate,259343.2849020958,4839.147807359695
2020-09-06,South Gate,264450.27606260777,5106.9911605119705
2020-08-31,Glendora,62252.040017604835,1206.8016457557678
2020-09-01,Glendora,63530.07854914666,1278.0385315418243
2020-09-02,Glendora,64844.90924930573,1314.8307001590729
2020-09-03,Glendora,66200.38722848892,1355.4779791831897
2020-09-04,Glendora,67605.11540031433,1404.728171825409
2020-09-05,Glendora,69067.84215426445,1462.726753950119
2020-09-06,Glendora,70597.76553249359,1529.9233782291412
2020-08-31,Palmdale,205167.6105825901,4149.294916033745
2020-09-01,Palmdale,209535.4495613575,4367.838978767395
2020-09-02,Palmdale,214077.7413327694,4542.291771411896
2020-09-03,Palmdale,218815.80355870724,4738.062225937843
2020-09-04,Palmdale,223769.7804517746,4953.97689306736
2020-09-05,Palmdale,228978.11334109306,5208.332889318466
2020-09-06,Palmdale,234473.50669264793,5495.393351554871
2020-08-31,Lancaster,166483.92382037637,2921.236380457878
2020-09-01,Lancaster,169715.92125129697,3231.997430920601
2020-09-02,Lancaster,173051.51765644547,3335.596405148506
2020-09-03,Lancaster,176513.92236280438,3462.4047063589096
2020-09-04,Lancaster,180131.36680829522,3617.444445490837
2020-09-05,Lancaster,183942.0010999441,3810.6342916488647
2020-09-06,Lancaster,187985.9662530422,4043.9651530981064
2020-08-31,Newhall,345.3449308872223,6.184451222419739
2020-09-01,Newhall,351.848415851593,6.5034849643707275
2020-09-02,Newhall,358.4439163208008,6.595500469207764
2020-09-03,Newhall,365.1753772497177,6.731460928916931
2020-09-04,Newhall,372.09569466114044,6.9203174114227295
2020-09-05,Newhall,379.2377259731293,7.142031311988831
2020-09-06,Newhall,386.6369071006775,7.399181127548218
2020-08-31,Panorama City,166849.98813331127,2770.405937075615
2020-09-01,Panorama City,169621.77762925625,2771.789495944977
2020-09-02,Panorama City,172453.81482505798,2832.037195801735
2020-09-03,Panorama City,175351.885512352,2898.0706872940063
2020-09-04,Panorama City,178319.9247481823,2968.039235830307
2020-09-05,Panorama City,181354.8060488701,3034.88130068779
2020-09-06,Panorama City,184465.38778483868,3110.58173596859
2020-08-31,Gardena,69988.97966146468,1006.4725985527039
2020-09-01,Gardena,71102.56782913207,1113.588167667389
2020-09-02,Gardena,72235.38776206969,1132.819932937622
2020-09-03,Gardena,73393.18600368498,1157.7982416152954
2020-09-04,Gardena,74585.53246426581,1192.3464605808258
2020-09-05,Gardena,75824.41826438902,1238.8858001232147
2020-09-06,Gardena,77124.50858283041,1300.090318441391
2020-08-31,Arcadia,25700.76159024239,461.3179233074188
2020-09-01,Arcadia,26191.74969863892,490.98810839653015
2020-09-02,Arcadia,26697.324913263325,505.5752146244049
2020-09-03,Arcadia,27220.07731342316,522.7524001598358
2020-09-04,Arcadia,27762.213977336887,542.1366639137268
2020-09-05,Arcadia,28327.936895370487,565.7229180335999
2020-09-06,Arcadia,28921.45081329346,593.5139179229736
2020-08-31,Pomona,248874.81483316424,5335.9113693237305
2020-09-01,Pomona,254813.27187633517,5938.457043170929
2020-09-02,Pomona,261007.48231983188,6194.210443496704
2020-09-03,Pomona,267521.46975612646,6513.987436294585
2020-09-04,Pomona,274424.05757999426,6902.587823867798
2020-09-05,Pomona,281804.63227367407,7380.57469367981
2020-09-06,Pomona,289768.5534319878,7963.921158313751
2020-08-31,San Pedro,151004.14000797272,2212.716046333313
2020-09-01,San Pedro,153161.39167451859,2157.251666545868
2020-09-02,San Pedro,155366.71795630455,2205.326281785965
2020-09-03,San Pedro,157619.6251051426,2252.907148838043
2020-09-04,San Pedro,159919.99791312218,2300.3728079795837
2020-09-05,San Pedro,162264.0509774685,2344.0530643463135
2020-09-06,San Pedro,164646.435359478,2382.384382009506
2020-08-31,North Hollywood,191239.41771662235,3596.3575500249863
2020-09-01,North Hollywood,195055.35663998127,3815.9389233589172
2020-09-02,North Hollywood,199009.8441157341,3954.4874757528305
2020-09-03,North Hollywood,203124.17015886307,4114.326043128967
2020-09-04,North Hollywood,207420.0947175026,4295.924558639526
2020-09-05,North Hollywood,211914.43322575092,4494.338508248329
2020-09-06,North Hollywood,216624.28716397285,4709.8539382219315
2020-08-31,Venice,16906.89936196804,264.9116221666336
2020-09-01,Venice,17191.114923596382,284.2155616283417
2020-09-02,Venice,17482.369470477104,291.25454688072205
2020-09-03,Venice,17781.384902715683,299.0154322385788
2020-09-04,Venice,18090.304877877235,308.91997516155243
2020-09-05,Venice,18411.436537265778,321.1316593885422
2020-09-06,Venice,18747.371741056442,335.9352037906647
2020-08-31,Northridge,81890.25750935078,1402.7202050685883
2020-09-01,Northridge,83326.72702896595,1436.4695196151733
2020-09-02,Northridge,84800.65564417839,1473.9286152124405
2020-09-03,Northridge,86314.94244754314,1514.2868033647537
2020-09-04,Northridge,87874.52206468582,1559.5796171426773
2020-09-05,Northridge,89482.91922819614,1608.3971635103226
2020-09-06,Northridge,91144.460547328,1661.5413191318512
2020-08-31,Woodland Hills,49273.922745227814,896.8246665000916
2020-09-01,Woodland Hills,50286.31365656853,1012.3909113407135
2020-09-02,Woodland Hills,51350.03959441185,1063.7259378433228
2020-09-03,Woodland Hills,52479.09667301178,1129.0570785999298
2020-09-04,Woodland Hills,53687.16218852997,1208.0655155181885
2020-09-05,Woodland Hills,54987.98251438141,1300.8203258514404
2020-09-06,Woodland Hills,56400.952417850494,1412.9699034690857
2020-08-31,La Puente,71420.81996107101,1566.9718153476715
2020-09-01,La Puente,73097.62884449959,1676.8088834285736
2020-09-02,La Puente,74841.1234471798,1743.4946026802063
2020-09-03,La Puente,76663.44618344307,1822.3227362632751
2020-09-04,La Puente,78578.36045742035,1914.9142739772797
2020-09-05,La Puente,80597.27323436737,2018.9127769470215
2020-09-06,La Puente,82736.61204516888,2139.338810801506
2020-08-31,Bell Gardens,101975.70798778535,2148.2352974414825
2020-09-01,Bell Gardens,104314.31318950655,2338.6052017211914
2020-09-02,Bell Gardens,106772.93678069116,2458.623591184616
2020-09-03,Bell Gardens,109373.20214104654,2600.265360355377
2020-09-04,Bell Gardens,112139.35464692117,2766.152505874634
2020-09-05,Bell Gardens,115099.83702731134,2960.4823803901672
2020-09-06,Bell Gardens,118286.60958695413,3186.7725596427917
2020-08-31,Acton,3644.483626127243,68.32126998901367
2020-09-01,Acton,3715.8080673217773,71.3244411945343
2020-09-02,Acton,3789.404232740402,73.59616541862488
2020-09-03,Acton,3865.79669547081,76.39246273040771
2020-09-04,Acton,3945.37353849411,79.57684302330017
2020-09-05,Acton,4028.5628974437714,83.18935894966125
2020-09-06,Acton,4115.65797328949,87.09507584571838
2020-08-31,Porter Ranch,20959.94202470779,341.10008132457733
2020-09-01,Porter Ranch,21311.39550900459,351.4534842967987
2020-09-02,Porter Ranch,21670.194083213803,358.79857420921326
2020-09-03,Porter Ranch,22037.348830699917,367.1547474861145
2020-09-04,Porter Ranch,22413.7937567234,376.4449260234833
2020-09-05,Porter Ranch,22800.526342630383,386.7325859069824
2020-09-06,Porter Ranch,23198.81611013412,398.2897675037384
2020-08-31,Baldwin Park,141499.87141382697,3053.8956785202026
2020-09-01,Baldwin Park,144568.3645267487,3068.493112921715
2020-09-02,Baldwin Park,147727.53329348567,3159.1687667369843
2020-09-03,Baldwin Park,150986.88749146464,3259.3541979789734
2020-09-04,Baldwin Park,154350.2280737162,3363.3405822515488
2020-09-05,Baldwin Park,157826.56196784976,3476.333894133568
2020-09-06,Baldwin Park,161419.4682813883,3592.9063135385513
2020-08-31,Sylmar,187697.10058319566,3112.9123735427565
2020-09-01,Sylmar,190843.63710117337,3146.5365179777145
2020-09-02,Sylmar,194045.027680397,3201.390579223633
2020-09-03,Sylmar,197309.92603933808,3264.898358941078
2020-09-04,Sylmar,200645.08531343934,3335.1592741012573
2020-09-05,Sylmar,204056.20725178716,3411.1219383478165
2020-09-06,Sylmar,207548.73075687882,3492.523505091667
2020-08-31,Cudahy,62688.238963842385,1033.0707232952118
2020-09-01,Cudahy,63787.326074004166,1099.0871101617813
2020-09-02,Cudahy,64916.280160546296,1128.9540865421295
2020-09-03,Cudahy,66081.031244874,1164.751084327705
2020-09-04,Cudahy,67286.7774143219,1205.7461694478989
2020-09-05,Cudahy,68542.90504562855,1256.1276313066483
2020-09-06,Cudahy,69858.69208085537,1315.787035226822
2020-08-31,Valley Village,37689.75015151501,454.32483780384064
2020-09-01,Valley Village,38148.09098684788,458.3408353328705
2020-09-02,Valley Village,38610.472841501236,462.38185465335846
2020-09-03,Valley Village,39077.362788915634,466.8899474143982
2020-09-04,Valley Village,39549.29045701027,471.927668094635
2020-09-05,Valley Village,40026.91892325878,477.62846624851227
2020-09-06,Valley Village,40511.06556618214,484.1466429233551
2020-08-31,La Verne,20464.20182621479,409.69605231285095
2020-09-01,La Verne,20895.17481803894,430.9729918241501
2020-09-02,La Verne,21336.20658826828,441.0317702293396
2020-09-03,La Verne,21788.99411046505,452.7875221967697
2020-09-04,La Verne,22256.08284497261,467.08873450756073
2020-09-05,La Verne,22740.486755013466,484.4039100408554
2020-09-06,La Verne,23245.943068623543,505.4563136100769
2020-08-31,Agoura Hills,9445.613720178604,146.3285994529724
2020-09-01,Agoura Hills,9599.851696252823,154.23797607421875
2020-09-02,Agoura Hills,9757.184244155884,157.3325479030609
2020-09-03,Agoura Hills,9917.864882707596,160.68063855171204
2020-09-04,Agoura Hills,10082.74038529396,164.87550258636475
2020-09-05,Agoura Hills,10252.379373073578,169.6389877796173
2020-09-06,Agoura Hills,10427.907798051834,175.52842497825623
2020-08-31,Paramount,126350.90273094177,2478.118444442749
2020-09-01,Paramount,128979.95385932922,2629.051128387451
2020-09-02,Paramount,131698.79851055145,2718.844651222229
2020-09-03,Paramount,134529.11561775208,2830.3171072006226
2020-09-04,Paramount,137484.74851703644,2955.632899284363
2020-09-05,Paramount,140586.00524806976,3101.256731033325
2020-09-06,Paramount,143846.55442523956,3260.5491771698
2020-08-31,Tarzana,41948.578429460526,579.5232489109039
2020-09-01,Tarzana,42571.74627447128,623.1678450107574
2020-09-02,Tarzana,43211.673164367676,639.9268898963928
2020-09-03,Tarzana,43872.26846599579,660.5953016281128
2020-09-04,Tarzana,44557.67232346535,685.4038574695587
2020-09-05,Tarzana,45272.37566232681,714.7033388614655
2020-09-06,Tarzana,46021.192496299744,748.8168339729309
2020-08-31,Harbor City,28067.9632281065,394.83397805690765
2020-09-01,Harbor City,28471.214998841286,403.251770734787
2020-09-02,Harbor City,28874.332035899162,403.1170370578766
2020-09-03,Harbor City,29277.81040418148,403.4783682823181
2020-09-04,Harbor City,29682.256405234337,404.44600105285645
2020-09-05,Harbor City,30088.68054163456,406.4241364002228
2020-09-06,Harbor City,30498.95683634281,410.27629470825195
2020-08-31,Covina,68617.90730285643,1281.097692489624
2020-09-01,Covina,69978.31031036375,1360.4030075073242
2020-09-02,Covina,71378.09124565123,1399.7809352874756
2020-09-03,Covina,72822.85459518431,1444.763349533081
2020-09-04,Covina,74319.36237335204,1496.5077781677246
2020-09-05,Covina,75876.42790985106,1557.0655364990234
2020-09-06,Covina,77503.49458122252,1627.06667137146
2020-08-31,Rolling Hills,444.019103050232,9.183696031570435
2020-09-01,Rolling Hills,454.1280777454377,10.108974695205688
2020-09-02,Rolling Hills,464.77864575386053,10.650568008422852
2020-09-03,Rolling Hills,475.99706244468695,11.218416690826416
2020-09-04,Rolling Hills,487.90600943565374,11.908946990966797
2020-09-05,Rolling Hills,500.64615726470953,12.740147829055786
2020-09-06,Rolling Hills,514.3686974048616,13.722540140152034
2020-08-31,North Hills,103329.50407457352,1603.4330506324768
2020-09-01,North Hills,105051.00108742714,1721.4970128536224
2020-09-02,North Hills,106821.36418128014,1770.3630938529968
2020-09-03,North Hills,108647.04057335854,1825.6763920783997
2020-09-04,North Hills,110535.77142500877,1888.730851650238
2020-09-05,North Hills,112501.0700135231,1965.298588514328
2020-09-06,North Hills,114558.65494704247,2057.5849335193634
2020-08-31,South El Monte,39889.213970184326,785.9039694070816
2020-09-01,South El Monte,40742.57142722607,853.3574570417404
2020-09-02,South El Monte,41628.107362270355,885.5359350442886
2020-09-03,South El Monte,42552.17178606987,924.0644237995148
2020-09-04,South El Monte,43522.55692958832,970.3851435184479
2020-09-05,South El Monte,44549.3159160614,1026.7589864730835
2020-09-06,South El Monte,45642.48914325237,1093.1732271909714
2020-08-31,Winnetka,70993.95094251634,1089.4353103637695
2020-09-01,Winnetka,72192.89086914064,1198.939926624298
2020-09-02,Winnetka,73425.21691656114,1232.3260474205017
2020-09-03,Winnetka,74699.77935171129,1274.5624351501465
2020-09-04,Winnetka,76025.70743417741,1325.9280824661255
2020-09-05,Winnetka,77413.4556386471,1387.7482044696808
2020-09-06,Winnetka,78874.29216837884,1460.8365297317505
2020-08-31,Sherman Oaks,59645.62310945988,1018.5283088684082
2020-09-01,Sherman Oaks,60669.021570801735,1023.3984613418579
2020-09-02,Sherman Oaks,61716.309411644936,1047.2878408432007
2020-09-03,Sherman Oaks,62789.31293916702,1073.003527522087
2020-09-04,Sherman Oaks,63889.48679101467,1100.1738518476486
2020-09-05,Sherman Oaks,65018.08054578304,1128.5937547683716
2020-09-06,Sherman Oaks,66176.40145492554,1158.3209091424942
2020-08-31,Irwindale,3175.599240541458,68.25856018066406
2020-09-01,Irwindale,3249.601684808731,74.00244426727295
2020-09-02,Irwindale,3326.5158200263977,76.91413521766663
2020-09-03,Irwindale,3406.9261889457703,80.41036891937256
2020-09-04,Irwindale,3491.198882341385,84.27269339561462
2020-09-05,Irwindale,3579.4491386413574,88.25025629997253
2020-09-06,Irwindale,3672.7174439430237,93.26830530166626
2020-08-31,Hawthorne,109636.06271147728,1979.9271941184998
2020-09-01,Hawthorne,111723.30207705498,2087.2393655776978
2020-09-02,Hawthorne,113880.31198477745,2157.009907722473
2020-09-03,Hawthorne,116117.99995875359,2237.6879739761353
2020-09-04,Hawthorne,118448.47241044044,2330.472451686859
2020-09-05,Hawthorne,120886.19826459885,2437.7258541584015
2020-09-06,Hawthorne,123445.79924535751,2559.600980758667
2020-08-31,Malibu,7458.449851036072,95.98123073577881
2020-09-01,Malibu,7561.922255516052,103.47240447998047
2020-09-02,Malibu,7667.989884376526,106.06762886047363
2020-09-03,Malibu,7777.366300582886,109.37641620635986
2020-09-04,Malibu,7890.695773124695,113.32947254180908
2020-09-05,Malibu,8008.787556648254,118.09178352355957
2020-09-06,Malibu,8132.504526138306,123.71696949005127
2020-08-31,Compton,210981.12870168686,3996.6363701820374
2020-09-01,Compton,214838.96232628822,3857.833624601364
2020-09-02,Compton,218745.2108478546,3906.248521566391
2020-09-03,Compton,222705.4023025036,3960.1914546489716
2020-09-04,Compton,226715.4352440834,4010.0329415798187
2020-09-05,Compton,230770.8961598873,4055.4609158039093
2020-09-06,Compton,234863.76048135757,4092.8643214702606
2020-08-31,Studio City,16523.166105866432,246.50020945072174
2020-09-01,Studio City,16787.325756669044,264.1596508026123
2020-09-02,Studio City,17060.652195572853,273.3264389038086
2020-09-03,Studio City,17344.775636076927,284.1234405040741
2020-09-04,Studio City,17641.615464806557,296.8398287296295
2020-09-05,Studio City,17953.19227898121,311.5768141746521
2020-09-06,Studio City,18281.84838092327,328.6561019420624
2020-08-31,Glendale,207963.0329601765,3116.474233150482
2020-09-01,Glendale,211207.20478963855,3244.1718294620514
2020-09-02,Glendale,214522.4910092354,3315.286219596863
2020-09-03,Glendale,217923.42280292514,3400.931793689728
2020-09-04,Glendale,221421.40295624736,3497.98015332222
2020-09-05,Glendale,225030.0332014561,3608.6302452087402
2020-09-06,Glendale,228765.38625216487,3735.3530507087708
2020-08-31,Reseda,130470.21649050713,2209.131362915039
2020-09-01,Reseda,132858.89066267014,2388.6741721630096
2020-09-02,Reseda,135349.93052721024,2491.0398645401
2020-09-03,Reseda,137956.19893693924,2606.268409729004
2020-09-04,Reseda,140695.09608066082,2738.8971437215805
2020-09-05,Reseda,143592.96960413456,2897.8735234737396
2020-09-06,Reseda,146673.19880247116,3080.2291983366013
2020-08-31,Hidden Hills,463.5891513824463,6.899059057235718
2020-09-01,Hidden Hills,470.6681561470032,7.079004764556885
2020-09-02,Hidden Hills,477.81457138061523,7.1464152336120605
2020-09-03,Hidden Hills,485.04429388046265,7.229722499847412
2020-09-04,Hidden Hills,492.3763897418976,7.3320958614349365
2020-09-05,Hidden Hills,499.83244037628174,7.456050634384155
2020-09-06,Hidden Hills,507.4365425109863,7.60410213470459
2020-08-31,La Habra Heights,2148.036809682846,34.38175129890442
2020-09-01,La Habra Heights,2182.256656050682,34.219846367836
2020-09-02,La Habra Heights,2216.8718839883804,34.615227937698364
2020-09-03,La Habra Heights,2251.909130215645,35.037246227264404
2020-09-04,La Habra Heights,2287.372563958168,35.46343374252319
2020-09-05,La Habra Heights,2323.2114596366882,35.8388956785202
2020-09-06,La Habra Heights,2359.506653904915,36.29519426822662
2020-08-31,Van Nuys,166385.57005763054,2850.448358774185
2020-09-01,Van Nuys,169284.43173861504,2898.861680984497
2020-09-02,Van Nuys,172254.06235790253,2969.630619287491
2020-09-03,Van Nuys,175301.40109872818,3047.338740825653
2020-09-04,Van Nuys,178433.27983736992,3131.878738641739
2020-09-05,Van Nuys,181656.19064474106,3222.9108073711395
2020-09-06,Van Nuys,184974.53310608864,3318.34246134758
2020-08-31,Wilmington,88928.8869458437,1628.2814143896103
2020-09-01,Wilmington,90514.58197319508,1585.6950273513794
2020-09-02,Wilmington,92104.0182697773,1589.436296582222
2020-09-03,Wilmington,93697.6104850769,1593.5922152996063
2020-09-04,Wilmington,95294.29372382164,1596.6832387447357
2020-09-05,Wilmington,96892.26803028584,1597.9743064641953
2020-09-06,Wilmington,98490.251760602,1597.983730316162
2020-08-31,Redondo Beach,35494.759680747986,576.1586427688599
2020-09-01,Redondo Beach,36095.686898231506,600.9272174835205
2020-09-02,Redondo Beach,36713.74798774719,618.061089515686
2020-09-03,Redondo Beach,37351.33407974243,637.5860919952393
2020-09-04,Redondo Beach,38011.26301765442,659.9289379119873
2020-09-05,Redondo Beach,38696.4218416214,685.15882396698
2020-09-06,Redondo Beach,39409.21321487427,712.7913732528687
